{"cameraMode":{"drawMode":0,"name":"Shaded","section":"Shading Mode"},"sceneLighting":false,"audioPlay":false,"sceneViewState":{"m_AlwaysRefresh":false,"showFog":true,"showSkybox":false,"showFlares":true,"showImageEffects":true,"showParticleSystems":true,"showVisualEffectGraphs":true,"m_FxEnabled":true},"in2DMode":false,"pivot":{"x":3.5688095092773439,"y":11.424602508544922,"z":-4.453033447265625},"rotation":{"x":-0.018783461302518846,"y":0.9202039241790772,"z":-0.04449181258678436,"w":-0.38866981863975527},"size":71.16010284423828,"orthographic":false}